{
"angry": [-5.063034597032481,-19.521596972174503,-1.3668609766607798,5.494464972237503,-5.190266345852898,0.8802647166913989,3.0724285176032327,0.2597875846315227,0.5187136786619331,0.22308563163544087,5.3897120473748314,4.344790205046568,-0.9501091624952059,-0.6255120931709715,-0.08483033142748928,-0.3065151495029901,-1.1706260580759233,1.2000272968528969,-0.20756426277870174,0.014351134023102221,-0.2201535207168004,-0.0055578222872308845,-0.04486080065766473,-0.138828690550966,-0.018537759645698672,-0.0007844142129210513,0.021786299376024002,-0.014492045720631697,-0.11835653720429695,0.27608946523877576,0.10706845153285748,0.18259009110547278,0.21740503335388614,0.09561279468538957,0.12783583037784071,-0.3045955087609148,0.2829293351414824,0.04183991678266852,-0.150376398079643,-0.30981457875609764,0.0038845525497790694,0.12813497015143394,0.02307116134308806,-0.006193534947178735,0.09051844634212075,0.004580832758689466,-0.004465929936692623,0.017946695030249673,0.014528234679060344,0.011101487327246392,0.021355974277801868,-0.046290640126636806,-0.004843306223152914,0.06915662546271471,0.029668447181924813,-0.03933327465409714,-0.02758500185939617,0.01562440994429482,0.028079279852341113,0.059203632067909476,0.03747299624683832,0.016261633525006626,0.013100627429853405,-0.009681222492989073,-0.005571023625263001,0.022520850293371537,0.038037561691848715,0.02628344782587624,0.015116666029672685,0.01901087399776728,0.004755356029259618,0.01728337291977958,-0.004445890516500376,-0.01364952967895417,0.0183198046294754,0.008627703565440625,-0.021372061666217267,0.008563877822826147,0.028033360612263955,0.003273972717163598,0.01071045713235607,0.02167447192688971,0.0356199428367201,0.010006466857798761,0.01058730414390803,-0.020668890120708914,-0.013743448467750738,0.023773257824029014,-0.011848851910466142,-0.008160668766492553,-0.0062546931328402115,-0.025397010898784312,0.0014778293800239053,0.008460252168717522,-0.019078247194744376,-0.02524913276322137,-0.012145928056581901,0.013711908252208607,-0.018021945454803404,-0.002670270737093487],
"contempt": [0.23156282246186435,-29.819582609644847,-21.640307247200994,3.6468996915397893,-3.632742913744504,0.32424883074994354,-6.7150935802887615,-4.2278282806072385,7.48104068753966,0.2085216380590257,-0.2383985815754413,0.3468927436519021,1.721612124105501,0.5052751903305363,0.1947932355553857,0.2130879086445454,0.7670136664463374,-0.3650229492023343,-0.013038746949928891,-0.020244282706312487,0.30412209151954656,-0.1714646744009089,-0.42182215952087826,0.057900888696740926,-0.7623332197293381,-0.09773398584167294,0.13148909745684526,-0.23215854953840534,0.12945041687982328,0.17363904169737776,0.07067700169525526,0.05870606106911885,-0.05613925207061129,-0.20173129152020175,0.25140888466054134,0.15945336338067462,0.10109272234571628,-0.015853111873746894,0.2294920746869539,0.09922088465271052,0.01599557003003684,0.2545208050510604,0.08885305288746426,-0.05149713902939157,-0.16559200703749677,0.17961567094139674,-0.02194179401277801,-0.08356480098763137,0.04901150190099353,-0.015446376625883391,-0.02568559847906935,0.06033121232648697,0.044580667303489696,0.038829133057369465,0.09251985462121383,-0.1445063635166214,0.003409225263043548,0.06762718117842018,-0.05265117862901249,-0.02581901277481527,0.01877128028251508,0.08609437097838817,0.032955499450740035,0.09559296803343717,0.05558110989582609,0.003768603897015408,-0.014817375074330801,-0.041870341248613246,-0.005894763926665114,0.12284829914157909,0.08133487298492055,-0.03306718350248828,-0.013254489391687814,0.005520707500927844,-0.0069261014094070495,-0.029776419927692217,0.0007657324985096913,-0.008728941488472324,0.030902424271773716,0.001777937745889419,-0.0033262100452957598,-0.031383378308776445,0.0538458192854448,-0.05358503661376554,0.0015384730364525815,-0.011213854328198297,0.006561700160356148,0.0010629130137728626,0.021088617196065664,0.06733411261354799,0.0028922998010298883,0.018021009041615965,0.00819205342463604,0.027319572873617214,0.006572081346944601,0.007918621546344987,-0.021575514291735428,-0.014814984034140869,0.012182166194813618,-0.002057087353360696],
"disgust": [-1.6814834327940187,-2.109367994731215,14.924237584281796,3.7441294229089057,-4.96159493379326,0.9131053982692866,-0.5994041008767931,2.6949946456011857,2.79415240218363,0.25914366673533934,1.3354588758801138,1.4525814043511933,-0.2763527978712886,-2.2489503261087034,0.39191575971624815,-0.46248027996413926,-0.5792427103078366,0.9945911013573696,-0.3057816075064114,-0.06114748638082085,-0.01732812765262783,0.18955695939679204,-0.03836544635842883,0.301297211836586,1.1897314168676163,0.6247930561895253,-0.035652797367482815,0.6408600907199367,-0.07626364331024645,0.34518036983688255,-0.07171949235477741,-0.04482875073666092,-0.016180382537907427,-0.007425969860985398,-0.031093923459243156,0.14062113543961102,-0.05649512476453417,0.03302676875994818,-0.12464454653769211,-0.019470475330586073,-0.0046363422583047985,0.12839197336111677,-0.021117167658750418,0.031557656654590004,-0.006721682807685749,-0.056963808772690305,0.019137780760400645,0.05622047298055011,-0.04515016324356265,0.02852802445769956,-0.05397243747062652,-0.01174781773362385,-0.028907592310131097,-0.041893300133926926,-0.013201528223649502,0.11122540964164791,0.029632317114198038,-0.002113960226890393,0.0380937532099849,-0.0303095891354588,-0.00562276273470626,-0.04039229986172942,-0.04047597966618152,0.014546599028539269,-0.006095864768429021,0.03479014630693427,0.07802359645752814,0.048839644691305084,-0.016210604204398453,-0.059787792421825664,-0.058084301617993536,0.025158541602508428,-0.008109676307591797,0.01632077412684898,0.014057663681181545,0.011750314284871333,-0.05430011768196954,0.00887204655940848,0.03240573437938604,-0.009808447720997555,-0.005104581300696044,0.008455835106393845,-0.04490707040845587,0.006107396454474988,-0.006216344007599611,-0.018378158318088658,0.0029642779889225554,-0.005807228937870922,0.0004241552556087325,-0.020459688445792885,-0.0023237542553107824,0.00852072201065756,-0.011411492999318557,-0.017678650884266612,-0.007140102158206648,-0.005698881897042279,0.015541841221263116,0.0038752111760469625,0.010655897882002857,-0.005191821148221281],